{
    "author": "golfingpenguin",
    "compatibility": [
        2
    ],
    "description": "Only look for files containing specific metadata.",
    "icon": "https://raw.githubusercontent.com/Unmanic/plugin.limit_library_search_by_file_extension/master/icon.png",
    "id": "limit_library_search_by_metadata",
    "name": "Limit library search by metadata",
    "platform": [
        "all"
    ],
    "priorities": {
        "on_library_management_file_test": 1
    },
    "tags": "library file test",
    "version": "0.0.1"
}
